Site TA,Site & transect,Transect Point (m),Date,Time,Number of individuals measured,Mean Length (mm),Median Length (mm),Mean Width (mm),Median Width (mm),Length,Width,Length,Width,Length,Width,Length,Width,Length,Width,Length,Width,Length,Width,Length,Width,Length,Width,Length,Width,Comments
3,TA-3-2,1, 2019-05-16,10:30:00 AM,10,3.9,4.1,2.2,2.4,N/A,N/A,N/A,N/A,N/A,N/A,N/A,N/A,N/A,N/A,N/A,N/A,N/A,N/A,N/A,N/A,N/A,N/A,N/A,N/A,
3,TA-3-2,8, 2019-05-16,10:55:00 AM,10,5.7,4.9,3.9,2.5,N/A,N/A,N/A,N/A,N/A,N/A,N/A,N/A,N/A,N/A,N/A,N/A,N/A,N/A,N/A,N/A,N/A,N/A,N/A,N/A,
3,TA-3-4,9, 2019-05-16,11:55:00 AM,10,4.2,4.1,2.8,2.6,N/A,N/A,N/A,N/A,N/A,N/A,N/A,N/A,N/A,N/A,N/A,N/A,N/A,N/A,N/A,N/A,N/A,N/A,N/A,N/A,
3,TA-3-4,26, 2019-05-16,12:20:00 PM,10,12.4,13.4,9.4,9.7,N/A,N/A,N/A,N/A,N/A,N/A,N/A,N/A,N/A,N/A,N/A,N/A,N/A,N/A,N/A,N/A,N/A,N/A,N/A,N/A,
3,TA-3-5,7, 2019-05-21,1:23:00 PM,10,5.7,5.9,4.0,4.0,N/A,N/A,N/A,N/A,N/A,N/A,N/A,N/A,N/A,N/A,N/A,N/A,N/A,N/A,N/A,N/A,N/A,N/A,N/A,N/A,
3,TA-3-5,23, 2019-05-21,2:00:00 PM,10,7.9,7.8,5.9,5.8,N/A,N/A,N/A,N/A,N/A,N/A,N/A,N/A,N/A,N/A,N/A,N/A,N/A,N/A,N/A,N/A,N/A,N/A,N/A,N/A,
3,TA-3-7,13, 2019-05-21,2:48:00 PM,10,5.9,5.7,4.0,4.0,N/A,N/A,N/A,N/A,N/A,N/A,N/A,N/A,N/A,N/A,N/A,N/A,N/A,N/A,N/A,N/A,N/A,N/A,N/A,N/A,
3,TA-3-7,23, 2019-05-21,3:14:00 PM,10,6.9,6.3,5.2,5.0,N/A,N/A,N/A,N/A,N/A,N/A,N/A,N/A,N/A,N/A,N/A,N/A,N/A,N/A,N/A,N/A,N/A,N/A,N/A,N/A,
5,TA-5-1,13, 2019-05-21,1:50:00 PM,10,3.0,2.8,1.9,1.9,N/A,N/A,N/A,N/A,N/A,N/A,N/A,N/A,N/A,N/A,N/A,N/A,N/A,N/A,N/A,N/A,N/A,N/A,N/A,N/A,
5,TA-5-1,23, 2019-05-21,2:10:00 PM,10,3.2,2.7,2.2,1.9,N/A,N/A,N/A,N/A,N/A,N/A,N/A,N/A,N/A,N/A,N/A,N/A,N/A,N/A,N/A,N/A,N/A,N/A,N/A,N/A,
5,TA-5-2,1, 2019-05-22,2:47:00 PM,10,2.9,2.9,2.1,2.1,N/A,N/A,N/A,N/A,N/A,N/A,N/A,N/A,N/A,N/A,N/A,N/A,N/A,N/A,N/A,N/A,N/A,N/A,N/A,N/A,
5,TA-5-2,12, 2019-05-22,3:10:00 PM,10,3.4,2.9,2.7,2.3,N/A,N/A,N/A,N/A,N/A,N/A,N/A,N/A,N/A,N/A,N/A,N/A,N/A,N/A,N/A,N/A,N/A,N/A,N/A,N/A,
5,TA-5-4,13, 2019-05-22,1:30:00 PM,10,9.5,8.3,6.2,6.2,N/A,N/A,N/A,N/A,N/A,N/A,N/A,N/A,N/A,N/A,N/A,N/A,N/A,N/A,N/A,N/A,N/A,N/A,N/A,N/A,
5,TA-5-4,26, 2019-05-22,2:10:00 PM,5,6.7,5.8,3.8,3.5,N/A,N/A,N/A,N/A,N/A,N/A,N/A,N/A,N/A,N/A,N/A,N/A,N/A,N/A,N/A,N/A,N/A,N/A,N/A,N/A,
5,TA-5-7,2, 2019-05-22,2:45:00 PM,10,5.0,4.7,3.3,3.5,N/A,N/A,N/A,N/A,N/A,N/A,N/A,N/A,N/A,N/A,N/A,N/A,N/A,N/A,N/A,N/A,N/A,N/A,N/A,N/A,
5,TA-5-7,19, 2019-05-22,3:20:00 PM,10,5.7,5.9,4.2,4.3,N/A,N/A,N/A,N/A,N/A,N/A,N/A,N/A,N/A,N/A,N/A,N/A,N/A,N/A,N/A,N/A,N/A,N/A,N/A,N/A,
1,TA-1-1,6, 2019-05-30,9:52:00 AM,10,6.1,6.0,4.2,4.2,N/A,N/A,N/A,N/A,N/A,N/A,N/A,N/A,N/A,N/A,N/A,N/A,N/A,N/A,N/A,N/A,N/A,N/A,N/A,N/A,
1,TA-1-1,20, 2019-05-30,10:29:00 AM,10,6.7,6.0,4.8,4.6,N/A,N/A,N/A,N/A,N/A,N/A,N/A,N/A,N/A,N/A,N/A,N/A,N/A,N/A,N/A,N/A,N/A,N/A,N/A,N/A,
1,TA-1-2,13, 2019-05-30,9:20:00 AM,10,6.6,6.6,5.3,5.3,N/A,N/A,N/A,N/A,N/A,N/A,N/A,N/A,N/A,N/A,N/A,N/A,N/A,N/A,N/A,N/A,N/A,N/A,N/A,N/A,
1,TA-1-2,20, 2019-05-30,9:48:00 AM,9,5.7,4.8,3.9,3.8,N/A,N/A,N/A,N/A,N/A,N/A,N/A,N/A,N/A,N/A,N/A,N/A,N/A,N/A,N/A,N/A,N/A,N/A,N/A,N/A,
1,TA-1-6,12, 2019-05-30,11:12:00 AM,10,9.3,9.5,6.8,7.3,N/A,N/A,N/A,N/A,N/A,N/A,N/A,N/A,N/A,N/A,N/A,N/A,N/A,N/A,N/A,N/A,N/A,N/A,N/A,N/A,
1,TA-1-6,20, 2019-05-30,11:46:00 AM,10,7.5,7.9,5.7,6.3,N/A,N/A,N/A,N/A,N/A,N/A,N/A,N/A,N/A,N/A,N/A,N/A,N/A,N/A,N/A,N/A,N/A,N/A,N/A,N/A,
1,TA-1-8,4, 2019-05-30,10:36:00 AM,10,7.8,7.3,5.7,5.2,N/A,N/A,N/A,N/A,N/A,N/A,N/A,N/A,N/A,N/A,N/A,N/A,N/A,N/A,N/A,N/A,N/A,N/A,N/A,N/A,
1,TA-1-8,19, 2019-05-30,N/A,10,12.1,10.1,9.9,8.6,N/A,N/A,N/A,N/A,N/A,N/A,N/A,N/A,N/A,N/A,N/A,N/A,N/A,N/A,N/A,N/A,N/A,N/A,N/A,N/A,
2,TA-2-3,3, 2019-05-31,10:46:00 AM,10,8.2,7.3,5.9,5.3,N/A,N/A,N/A,N/A,N/A,N/A,N/A,N/A,N/A,N/A,N/A,N/A,N/A,N/A,N/A,N/A,N/A,N/A,N/A,N/A,
2,TA-2-3,22, 2019-05-31,11:05:00 AM,10,15.9,16.2,12.9,13.1,N/A,N/A,N/A,N/A,N/A,N/A,N/A,N/A,N/A,N/A,N/A,N/A,N/A,N/A,N/A,N/A,N/A,N/A,N/A,N/A,
2,TA-2-5,20, 2019-05-31,10:50:00 AM,2,5.5,5.5,3.7,3.7,N/A,N/A,N/A,N/A,N/A,N/A,N/A,N/A,N/A,N/A,N/A,N/A,N/A,N/A,N/A,N/A,N/A,N/A,N/A,N/A,
2,TA-2-5,23, 2019-05-31,11:15:00 AM,10,6.4,5.9,4.9,4.5,N/A,N/A,N/A,N/A,N/A,N/A,N/A,N/A,N/A,N/A,N/A,N/A,N/A,N/A,N/A,N/A,N/A,N/A,N/A,N/A,
2,TA-2-7,4, 2019-05-31,9:30:00 AM,10,7.2,6.5,4.9,4.4,N/A,N/A,N/A,N/A,N/A,N/A,N/A,N/A,N/A,N/A,N/A,N/A,N/A,N/A,N/A,N/A,N/A,N/A,N/A,N/A,
2,TA-2-7,14, 2019-05-31,9:47:00 AM,10,5.1,5.2,3.8,3.6,N/A,N/A,N/A,N/A,N/A,N/A,N/A,N/A,N/A,N/A,N/A,N/A,N/A,N/A,N/A,N/A,N/A,N/A,N/A,N/A,
2,TA-2-8,5, 2019-05-31,9:40:00 AM,9,5.0,5.1,4.1,3.8,N/A,N/A,N/A,N/A,N/A,N/A,N/A,N/A,N/A,N/A,N/A,N/A,N/A,N/A,N/A,N/A,N/A,N/A,N/A,N/A,
2,TA-2-8,25, 2019-05-31,10:06:00 AM,10,9.0,9.6,6.6,6.0,N/A,N/A,N/A,N/A,N/A,N/A,N/A,N/A,N/A,N/A,N/A,N/A,N/A,N/A,N/A,N/A,N/A,N/A,N/A,N/A,
6,TA-6-1,2,2019-03-06,11:28:00 AM,N/A,N/A,N/A,N/A,N/A,N/A,N/A,N/A,N/A,N/A,N/A,N/A,N/A,N/A,N/A,N/A,N/A,N/A,N/A,N/A,N/A,N/A,N/A,N/A,N/A,
6,TA-6-1,20,2019-03-06,11:50:00 AM,6,6.1,6.3,4.8,5.0,N/A,N/A,N/A,N/A,N/A,N/A,N/A,N/A,N/A,N/A,N/A,N/A,N/A,N/A,N/A,N/A,N/A,N/A,N/A,N/A,1 dead sea star 
6,TA-6-2,14,2019-03-06,11:37:00 AM,3,6.4,6.3,4.8,4.6,N/A,N/A,N/A,N/A,N/A,N/A,N/A,N/A,N/A,N/A,N/A,N/A,N/A,N/A,N/A,N/A,N/A,N/A,N/A,N/A,sea anemone 
6,TA-6-2,20,2019-03-06,11:45:00 AM,1,5.6,5.6,4.0,4.0,N/A,N/A,N/A,N/A,N/A,N/A,N/A,N/A,N/A,N/A,N/A,N/A,N/A,N/A,N/A,N/A,N/A,N/A,N/A,N/A,
6,TA-6-6,3,2019-03-06,12:26:00 PM,1,3.0,3.0,2.5,2.5,N/A,N/A,N/A,N/A,N/A,N/A,N/A,N/A,N/A,N/A,N/A,N/A,N/A,N/A,N/A,N/A,N/A,N/A,N/A,N/A,
6,TA-6-6,25,2019-03-06,12:53:00 PM,N/A,N/A,N/A,N/A,N/A,N/A,N/A,N/A,N/A,N/A,N/A,N/A,N/A,N/A,N/A,N/A,N/A,N/A,N/A,N/A,N/A,N/A,N/A,N/A,N/A,
6,TA-6-7,4,2019-03-06,12:20:00 PM,7,12.2,14.8,9.1,10.7,N/A,N/A,N/A,N/A,N/A,N/A,N/A,N/A,N/A,N/A,N/A,N/A,N/A,N/A,N/A,N/A,N/A,N/A,N/A,N/A,
6,TA-6-7,14,2019-03-06,12:57:00 PM,5,6.8,6.5,5.1,5.0,N/A,N/A,N/A,N/A,N/A,N/A,N/A,N/A,N/A,N/A,N/A,N/A,N/A,N/A,N/A,N/A,N/A,N/A,N/A,N/A,
4,TA-4-1,4,2019-04-06,12:20:00 PM,N/A,N/A,N/A,N/A,N/A,N/A,N/A,N/A,N/A,N/A,N/A,N/A,N/A,N/A,N/A,N/A,N/A,N/A,N/A,N/A,N/A,N/A,N/A,N/A,N/A,Lots of algae; fungi-like pattern on algae; active mussels and barnacles present 
4,TA-4-1,19,2019-04-06,12:40:00 PM,N/A,N/A,N/A,N/A,N/A,N/A,N/A,N/A,N/A,N/A,N/A,N/A,N/A,N/A,N/A,N/A,N/A,N/A,N/A,N/A,N/A,N/A,N/A,N/A,N/A,Barren waste land 
4,TA-4-2,9,2019-04-06,12:30:00 PM,N/A,N/A,N/A,N/A,N/A,N/A,N/A,N/A,N/A,N/A,N/A,N/A,N/A,N/A,N/A,N/A,N/A,N/A,N/A,N/A,N/A,N/A,N/A,N/A,N/A,
4,TA-4-2,22,2019-04-06,12:47:00 PM,10,10.8,10.4,8.3,8.7,N/A,N/A,N/A,N/A,N/A,N/A,N/A,N/A,N/A,N/A,N/A,N/A,N/A,N/A,N/A,N/A,N/A,N/A,N/A,N/A,
4,TA-4-3,6,2019-04-06,1:00:00 PM,10,8.0,7.0,6.1,6.1,N/A,N/A,N/A,N/A,N/A,N/A,N/A,N/A,N/A,N/A,N/A,N/A,N/A,N/A,N/A,N/A,N/A,N/A,N/A,N/A,
4,TA-4-3,14,2019-04-06,1:25:00 PM,3,10.1,9.1,7.5,7.2,N/A,N/A,N/A,N/A,N/A,N/A,N/A,N/A,N/A,N/A,N/A,N/A,N/A,N/A,N/A,N/A,N/A,N/A,N/A,N/A,
4,TA-4-8,10,2019-04-06,1:38:00 PM,10,7.7,7.6,5.5,5.2,N/A,N/A,N/A,N/A,N/A,N/A,N/A,N/A,N/A,N/A,N/A,N/A,N/A,N/A,N/A,N/A,N/A,N/A,N/A,N/A,
4,TA-4-8,17,2019-04-06,2:00:00 PM,10,9.2,8.6,6.3,6.5,N/A,N/A,N/A,N/A,N/A,N/A,N/A,N/A,N/A,N/A,N/A,N/A,N/A,N/A,N/A,N/A,N/A,N/A,N/A,N/A,
1,TA-1-1,25,2020-05-26,1:26:00 PM,5,6.8,6.6,4.8,5.0,N/A,N/A,N/A,N/A,N/A,N/A,N/A,N/A,N/A,N/A,N/A,N/A,N/A,N/A,N/A,N/A,N/A,N/A,N/A,N/A,
1,TA-1-1,14,2020-05-26,1:55:00 PM,5,7.7,7.3,5.3,5.7,N/A,N/A,N/A,N/A,N/A,N/A,N/A,N/A,N/A,N/A,N/A,N/A,N/A,N/A,N/A,N/A,N/A,N/A,N/A,N/A,
1,TA-1-5,10,2020-05-26,2:52:00 PM,10,7.2,7.0,5.3,5.4,N/A,N/A,N/A,N/A,N/A,N/A,N/A,N/A,N/A,N/A,N/A,N/A,N/A,N/A,N/A,N/A,N/A,N/A,N/A,N/A,
1,TA-1-5,13,2020-05-26,2:31:00 PM,10,8.8,7.6,5.9,5.7,N/A,N/A,N/A,N/A,N/A,N/A,N/A,N/A,N/A,N/A,N/A,N/A,N/A,N/A,N/A,N/A,N/A,N/A,N/A,N/A,
1,TA-1-3,24,2020-05-26,2:40:00 PM,10,7.9,6.7,6.8,6.1,N/A,N/A,N/A,N/A,N/A,N/A,N/A,N/A,N/A,N/A,N/A,N/A,N/A,N/A,N/A,N/A,N/A,N/A,N/A,N/A,
1,TA-1-3,10,2020-05-26,3:07:00 PM,10,7.4,7.2,5.4,5.2,N/A,N/A,N/A,N/A,N/A,N/A,N/A,N/A,N/A,N/A,N/A,N/A,N/A,N/A,N/A,N/A,N/A,N/A,N/A,N/A,
1,TA-1-6,16,2020-05-26,1:20:00 PM,10,9.0,7.8,6.9,6.1,N/A,N/A,N/A,N/A,N/A,N/A,N/A,N/A,N/A,N/A,N/A,N/A,N/A,N/A,N/A,N/A,N/A,N/A,N/A,N/A,
1,TA-1-6,24,2020-05-26,1:44:00 PM,10,8.5,7.5,6.3,5.7,N/A,N/A,N/A,N/A,N/A,N/A,N/A,N/A,N/A,N/A,N/A,N/A,N/A,N/A,N/A,N/A,N/A,N/A,N/A,N/A,
2,TA-2-3,5,2020-05-27,2:16:00 PM,10,7.3,6.2,5.1,4.6,13.60,9.90,6.00,4.60,6.20,4.60,3.70,2.60,5.20,3.20,8.30,5.00,13.80,9.70,6.80,4.20,3.60,2.60,6.20,4.50,
2,TA-2-4,20,2020-05-27,3:25:00 PM,10,7.6,7.0,6.7,5.9,7.72,5.82,7.87,5.82,6.81,5.31,10.19,8.97,6.55,4.78,7.04,5.97,5.11,4.09,11.68,13.97,6.91,6.35,6.48,6.12,
2,TA-2-3,5,2020-05-27,2:51:00 PM,10,13.3,11.7,10.0,9.4,11.90,9.40,21.80,17.30,6.80,7.00,21.30,16.70,12.70,6.10,8.50,5.80,10.80,9.40,9.50,7.30,18.50,11.90,11.50,9.50,"1 oyster, 2 ssp of littorine snails"
2,TA-2-4,24,2020-05-27,3:30:00 PM,10,9.1,7.3,6.8,6.3,14.90,7.70,9.00,7.20,6.20,3.60,19.00,15.70,6.80,4.30,7.70,5.40,6.50,4.90,6.30,4.70,9.10,7.10,5.20,7.20,too dark and rocky to count underthe rocks/in the shade
2,TA-2-7,16,2020-05-27,2:36:00 PM,0,N/A,N/A,N/A,N/A,N/A,N/A,N/A,N/A,N/A,N/A,N/A,N/A,N/A,N/A,N/A,N/A,N/A,N/A,N/A,N/A,N/A,N/A,N/A,N/A,"mussels, barnacles, leaf lettuce, brown algae"
2,TA-2-7,6,2020-05-27,2:45:00 PM,10,6.4,6.3,4.8,4.8,5.97,4.24,4.85,4.14,6.99,6.02,6.71,4.55,6.20,4.85,6.35,4.22,5.92,4.80,5.77,4.75,8.23,5.54,7.06,4.88,
2,TA-2-5,29,2020-05-27,1:56:00 PM,10,10.0,8.8,7.2,7.0,7.01,6.60,7.01,4.62,18.97,13.74,7.87,7.32,9.70,7.47,10.77,8.92,14.83,8.94,5.59,2.82,7.87,5.08,9.98,6.05,
2,TA-2-5,24,2020-05-27,1:37:00 PM,4,5.5,5.9,3.8,3.9,5.72,3.78,6.17,4.78,3.68,2.82,6.48,4.01,N/A,N/A,N/A,N/A,N/A,N/A,N/A,N/A,N/A,N/A,N/A,N/A,
6,TA-6-3,1,2020-06-03,10:15:00 AM,3,5.4,5.5,7.1,7.0,5.16,7.11,5.51,7.01,5.64,7.04,N/A,N/A,N/A,N/A,N/A,N/A,N/A,N/A,N/A,N/A,N/A,N/A,N/A,N/A,"Partly in intertidal pool. Sea lettuce, brown algae, turkish washcloth, barnacles, tiny flies, mussels"
6,TA-6-3,15,2020-06-03,10:35:00 AM,10,4.4,4.1,5.2,5.4,4.29,6.02,3.96,5.33,3.76,4.50,5.03,6.22,4.55,3.51,3.96,5.46,3.91,5.54,3.68,4.85,5.59,3.96,5.13,6.25,
6,TA-6-1,7,2020-06-03,9:21:00 AM,0,N/A,N/A,N/A,N/A,N/A,N/A,N/A,N/A,N/A,N/A,N/A,N/A,N/A,N/A,N/A,N/A,N/A,N/A,N/A,N/A,N/A,N/A,N/A,N/A,"Small flies, sea lettuce, brown algae, barnacles, mussels, bull kelp"
6,TA-6-1,8,2020-06-03,8:53:00 AM,6,6.6,6.6,5.8,5.9,7.04,7.21,6.02,4.62,5.64,6.45,6.22,4.45,7.39,6.12,7.26,5.72,N/A,N/A,N/A,N/A,N/A,N/A,N/A,N/A,"Small flies, barnacles, sea lettuce, mussels, brown algae"
6,TA-6-5,13,2020-06-03,9:00:00 AM,10,6.9,6.9,5.2,5.0,6.90,4.50,6.60,6.30,7.20,4.90,6.40,5.00,7.70,5.10,6.70,5.00,6.10,4.50,6.90,5.10,7.00,6.70,7.50,4.60,possible rolly polly of the sea
6,TA-6-5,10,2020-06-03,8:44:00 AM,N/A,10.0,10.0,6.5,5.3,21.70,12.20,10.00,5.70,10.60,5.30,12.90,9.90,7.60,5.10,4.00,3.40,5.50,3.40,6.20,4.60,11.80,9.10,N/A,N/A,
6,TA-6-6,10,2020-06-03,9:48:00 AM,10,8.2,8.1,6.4,6.4,8.00,5.30,8.40,6.10,8.50,7.90,5.90,4.30,8.20,6.70,7.40,5.80,8.00,5.90,10.00,7.30,8.00,6.70,9.90,7.80,
6,TA-6-6,4,2020-06-03,9:33:00 AM,0,N/A,N/A,N/A,N/A,N/A,N/A,N/A,N/A,N/A,N/A,N/A,N/A,N/A,N/A,N/A,N/A,N/A,N/A,N/A,N/A,N/A,N/A,N/A,N/A,
5,TA-5-1,6,2020-06-09,1:10:00 PM,10,8.1,6.8,6.3,5.4,6.40,4.60,10.21,10.01,7.82,5.89,6.68,5.56,6.25,4.93,6.53,4.75,8.66,5.84,6.45,5.28,14.76,11.43,6.88,4.88,
5,TA-5-1,2,2020-06-09,1:31:00 PM,10,7.6,7.4,5.4,5.5,8.26,5.87,6.73,4.85,7.92,5.51,7.16,5.16,8.26,5.66,7.44,5.82,4.45,2.46,7.26,4.39,10.92,8.69,7.21,5.44,
5,TA-5-2,8,2020-06-09,2:54:00 PM,10,7.8,7.1,6.0,5.8,7.57,5.66,6.48,4.70,7.01,6.07,5.72,4.75,15.29,11.20,7.67,5.89,6.91,5.72,7.26,5.89,6.15,4.57,7.65,5.82,
5,TA-5-2,6,2020-06-09,2:30:00 PM,10,6.3,5.9,4.7,4.6,5.38,4.55,5.41,4.47,7.21,6.20,10.06,7.62,6.40,5.05,6.71,4.75,4.70,2.54,4.98,3.15,4.78,3.07,7.01,5.13,
5,TA-5-3,28,2020-06-09,1:00:00 PM,10,9.2,7.8,6.5,5.6,13.40,9.40,9.00,6.50,5.40,3.70,5.90,5.00,6.60,4.50,16.80,11.90,12.70,10.20,5.30,2.70,10.70,6.10,6.40,4.60,"snails, limpets, scuds, brown algae, barnacles, mussels, sea lettuce"
5,TA-5-3,14,2020-06-09,1:33:00 PM,10,6.5,6.6,5.0,5.2,6.50,5.70,7.10,5.20,6.20,5.60,7.90,5.70,6.80,4.40,6.70,5.10,6.70,5.20,6.40,5.70,5.30,3.50,5.20,4.20,"sea lettuce, turkish washcloth, mussels, barnacles, limpets, snails, rockweed, horsehair worm, unIDed black circular squishy orange streaks (2), green shore crab, midge fly"
5,TA-5-8,18,2020-06-09,3:24:00 PM,10,6.1,6.1,5.0,5.1,5.60,4.10,5.40,4.90,4.20,3.90,6.60,5.30,6.00,5.50,6.80,6.00,6.10,3.80,2.80,2.00,7.70,5.70,9.70,8.30,"sea lettuce, limpets, horsehair worms, mussels, snails, barnacles, brown algae, rockweed, turkish washcloth, mud nemertean, sarcodiotheca"
5,TA-5-8,6,2020-06-09,3:03:00 PM,4,5.8,5.9,4.9,4.9,6.10,3.90,5.40,4.20,6.20,5.50,5.60,5.80,N/A,N/A,N/A,N/A,N/A,N/A,N/A,N/A,N/A,N/A,N/A,N/A,"sea lettuce, barnacles, turkish washcloth, mussels, limpets, snails, scuds, horsehair worms, filamentous red seaweed, midge, sugar wrack kelp, sarcodiotheca, brown algae, sea algae"
4,TA-4-1,21,2020-06-04,10:32:00 AM,10,6.4,6.1,5.9,5.7,6.40,7.47,5.87,5.56,5.89,8.61,4.57,5.05,5.33,6.43,5.41,4.32,7.98,4.78,7.14,5.54,7.82,5.87,7.26,5.77,"mussels, rockweed, sea lettuce, sea moss, barnacles, midges, limpets, snails, seersucker kelp, 1cm orange worm"
4,TA-4-1,6,2020-06-04,9:56:00 AM,10,7.7,7.3,5.8,5.3,4.93,3.68,5.72,4.75,9.04,6.12,10.16,5.99,7.19,4.98,6.17,5.11,5.31,4.65,7.52,6.76,13.26,9.93,7.49,5.54,"midges, sea lettuce, limpets, barnacles, mussels, mud nemertean, rockweed, snails"
4,TA-4-2,25,2020-06-04,12:08:00 PM,10,7.0,7.0,5.3,5.7,4.09,5.61,6.93,4.62,10.06,6.20,4.85,4.55,7.11,3.66,7.32,5.89,5.94,4.67,5.13,5.94,10.03,5.72,8.13,6.05,"rockweed, mussels, barnacles, snails, limpets, midges, bumble bee, sea lettuce"
4,TA-4-2,6,2020-06-04,12:00:00 PM,9,4.8,4.5,3.7,3.3,3.66,3.07,3.45,4.85,3.15,2.06,4.52,3.20,3.00,2.31,7.01,5.31,5.72,4.24,7.67,5.11,4.80,3.25,N/A,N/A,"sea lettuce, turkish washcloth, sugar kelp, turkish towel, barnacles, snails, sargassum, gut weed, mussels, midge, leg of red crab, limpets, brown algae (3 types), tiny brown worm, midge larva"
4,TA-4-3,15,2020-06-18,9:22:00 AM,10,6.7,6.1,5.2,4.4,7.57,4.70,6.07,4.67,6.17,3.81,5.99,3.71,4.95,4.39,6.12,8.15,6.35,4.47,6.43,4.39,11.48,9.70,5.82,4.32,
4,TA-4-3,3,2020-06-18,9:02:00 AM,1,4.0,4.0,2.8,2.8,4.01,2.79,N/A,N/A,N/A,N/A,N/A,N/A,N/A,N/A,N/A,N/A,N/A,N/A,N/A,N/A,N/A,N/A,N/A,N/A,
4,TA-4-8,4,2020-06-18,9:36:00 AM,10,5.7,5.4,3.8,3.7,8.30,6.80,4.70,3.60,5.00,3.80,7.00,4.10,6.20,3.20,5.90,3.40,4.30,2.00,5.00,4.00,4.80,3.10,5.70,3.80,"midge flies, gut weed, sea lettuce, blue mussels, rockweed, barnacles, turkish washcloth, brown algae, snails, limpets"
4,TA-4-8,12,2020-06-18,8:59:00 AM,10,8.2,7.4,6.1,5.3,17.60,14.70,9.90,6.10,6.90,4.60,7.80,6.60,7.40,5.20,8.50,6.40,3.60,2.40,6.30,4.80,6.40,5.00,7.40,5.40,"partly in intertidal pool. blue mussels, rockweed, gut weed, barnacles, midge flies, turkish washcloth, snails, limpets, brown algae"
3,TA-3-7,19,2020-06-10,3:48:00 PM,10,8.5,7.4,7.3,5.8,12.00,11.40,17.20,10.20,9.10,6.50,1.50,5.10,1.30,6.40,6.40,5.20,16.70,13.80,6.80,4.70,5.70,4.20,8.00,5.20,"partly on large rock and intertidal pool. sea lettuce, rockweed, brown algae, turkish washcloth, filamentous red seaweed, snails, barnacles, mussels, limpets, pacific little neck clam, hermit crab, midge fly, green shore crab"
3,TA-3-7,8,2020-06-10,3:26:00 PM,10,5.3,5.1,3.9,3.8,4.60,4.00,7.10,5.20,5.50,4.10,4.70,3.30,5.40,3.00,4.50,3.60,4.80,3.10,7.50,5.50,3.30,2.30,5.50,4.40,"sea lettuce, rockweed, sea moss, mussels, barnacles"
3,TA-3-5,4,2020-06-10,1:44:00 PM,10,6.4,6.2,4.9,4.7,8.80,6.80,7.50,4.70,5.70,4.50,5.20,4.20,6.60,5.20,5.80,4.70,8.50,6.10,6.50,4.70,4.40,3.90,5.20,4.30,"horsehair worm, mussel, littorine snail, barnacles, green shore crab, midges, limpets, rockweed, sea lettuce, brown algae, sea belt"
3,TA-3-5,27,2020-06-10,2:38:00 PM,10,8.5,7.6,7.0,5.9,8.00,5.40,11.60,9.90,10.70,8.10,6.40,6.30,6.30,5.70,7.20,5.50,15.00,12.90,8.30,6.00,4.60,4.40,6.60,5.80,"midge, mussels, barnacles, littorine snail, limpets, green shore crab, p. littleneck clam, scud, rockweed, turkish washcloth, sea lettuce"
3,TA-3-4,24,2020-06-10,3:19:00 PM,10,9.1,8.9,6.6,6.4,8.00,6.53,9.78,6.99,10.03,8.13,8.41,6.07,8.56,6.38,9.42,6.27,6.63,4.78,9.30,6.43,7.77,6.05,13.08,8.23,
3,TA-3-4,4,2020-06-10,2:53:00 PM,10,7.8,7.2,6.2,5.5,6.22,7.39,9.14,7.65,7.82,5.49,7.26,5.56,7.14,5.74,6.02,5.33,5.82,4.24,5.56,3.56,7.59,4.93,15.21,12.19,
3,TA-3-2,10,2020-06-10,2:05:00 PM,10,14.3,13.1,11.6,11.0,17.48,14.38,16.05,13.08,10.24,8.18,17.32,13.92,26.97,21.84,10.06,8.94,7.29,6.71,9.25,7.59,18.97,14.38,9.50,7.42,big limpets
3,TA-3-2,9,2020-06-10,1:39:00 PM,10,9.4,9.0,7.5,7.1,13.67,10.97,10.82,9.19,8.38,6.73,9.65,7.49,13.84,10.87,7.52,5.97,5.21,4.67,10.26,8.13,8.13,6.63,6.53,4.17,
3,TA-3-3,10,2021-06-04,9:17:00 AM,10,10.2,9.6,7.9,7.5,14.40,11.40,8.70,7.70,9.50,7.40,8.20,6.00,9.20,7.30,11.50,9.40,7.70,5.90,12.70,10.20,9.60,7.50,10.00,6.40,
3,TA-3-3,9,2021-06-04,8:37:00 AM,10,12.0,10.1,9.2,8.3,18.90,13.90,15.00,12.40,13.50,8.40,8.50,6.30,8.60,6.40,8.50,6.80,20.50,14.80,6.70,6.40,9.50,8.40,10.60,8.20,
3,TA-3-7,1,2021-06-04,10:03:00 AM,10,7.7,7.9,5.9,6.1,11.10,9.40,8.30,6.10,7.20,6.10,8.30,6.60,8.80,6.10,5.50,4.40,5.50,4.20,6.40,5.10,7.40,4.90,8.30,6.10,"Giant acorn barnacle, mask limpet, pacific blue mussel, common acorn barnacle, sea lettuce, rockweed, filamentuous red seaweed, 7mm invertebrate moving like inchworm-green colour"
3,TA-3-7,7,2021-06-04,10:44:00 AM,10,9.2,8.1,6.8,5.9,6.00,4.80,7.40,5.70,8.80,6.00,11.40,8.70,13.70,9.90,14.80,11.00,5.90,3.30,12.70,8.80,6.10,5.50,5.40,4.20,"Japanes little neck, red rock carapace, pacific oyster shell, unknown brown, filamentuous algae, pacific blue mussel, giant acorn barnacle, rockweed"
3,TA-3-5,1,2021-06-04,10:05:00 AM,10,8.0,7.9,6.4,6.5,8.40,5.50,7.40,6.50,9.40,7.90,7.00,6.70,9.80,6.10,7.00,6.70,6.90,6.00,6.90,5.40,8.40,6.50,8.30,6.80,
3,TA-3-5,5,2021-06-04,10:25:00 AM,10,9.1,8.6,7.3,6.9,15.80,12.50,8.00,6.30,3.00,3.60,8.60,7.00,9.00,7.50,13.20,10.40,9.70,8.00,7.80,5.60,7.60,5.40,8.50,6.80,
3,TA-3-6,1,2021-06-04,8:37:00 AM,10,9.1,7.7,7.3,10.4,15.80,11.40,11.60,8.80,7.20,6.10,7.70,5.50,7.70,7.10,10.10,7.00,5.70,4.80,11.80,10.30,7.20,6.80,6.60,5.00,"mask limpet, common acorn barnacle, checkered perriwinkle, rockweed, pacific blue mussel, mite(red, tiny), sea lettuce, pacific plate limpet"
3,TA-3-6,12,2021-06-04,9:37:00 AM,0,N/A,N/A,N/A,N/A,N/A,N/A,N/A,N/A,N/A,N/A,N/A,N/A,N/A,N/A,N/A,N/A,N/A,N/A,N/A,N/A,N/A,N/A,N/A,N/A,
1,TA-1-6,24,2021-05-24,2:04:00 PM,10,4.8,5.3,3.2,3.5,4.00,2.00,4.00,3.50,4.70,3.10,5.40,4.00,5.90,2.80,5.70,3.70,5.60,3.90,2.00,1.70,5.20,3.50,5.70,3.80,"beetle type bug, red aphid type bug, 2 hermit crabs "
1,TA-1-6,25,2021-05-24,2:17:00 PM,10,8.0,8.0,6.7,6.8,9.40,6.60,7.10,6.60,8.50,7.20,6.90,5.80,9.20,7.80,7.60,7.00,6.90,6.00,7.20,5.30,9.00,7.10,8.40,7.70,
1,TA-1-5,15,2021-05-27,1:15:00 PM,10,5.8,5.2,4.4,4.4,5.10,4.70,5.00,4.10,3.50,3.20,5.20,3.60,8.90,6.40,7.70,5.10,6.40,4.90,5.10,3.00,6.30,5.70,4.60,3.10,
1,TA-1-5,19,2021-05-27,1:29:00 PM,10,8.3,8.3,6.4,6.2,8.70,5.80,5.00,3.80,10.30,8.40,13.20,9.30,6.10,4.70,6.40,4.80,3.40,2.70,9.70,8.50,7.80,6.50,12.40,9.40,
1,TA-1-3,14,2021-05-27,1:00:00 PM,10,5.6,5.8,3.5,3.4,8.30,6.10,6.10,4.20,7.50,5.70,6.10,4.30,4.70,3.30,7.60,3.40,5.40,1.90,3.20,2.40,3.20,1.80,4.10,2.20,
1,TA-1-3,30,2021-05-27,12:34:00 PM,10,6.7,6.8,4.5,4.3,7.10,5.90,4.10,3.30,6.80,3.50,10.70,5.70,8.10,6.70,6.70,5.20,7.70,4.40,4.50,3.30,5.60,4.10,5.20,3.00,
4,TA-4-1,10,2021-05-25,11:10:00 AM,10,7.3,7.2,5.3,5.2,7.70,5.50,9.20,6.50,6.80,5.50,9.20,8.60,4.10,3.00,8.80,5.70,6.60,4.80,7.10,4.50,6.20,4.90,7.20,4.10,
4,TA-4-4,11,2021-05-25,12:52:00 PM,10,7.7,6.8,5.9,5.3,7.80,5.60,6.80,4.90,7.60,5.80,6.50,4.80,16.30,12.70,6.50,4.00,5.70,4.70,7.20,5.80,6.70,5.50,5.90,5.10,
4,TA-4-1,25,2021-05-25,11:33:00 AM,10,10.6,9.2,7.8,6.8,7.00,5.80,10.90,8.10,9.10,6.40,14.00,9.60,9.30,7.20,21.70,14.50,8.30,6.40,9.40,6.30,8.80,7.00,7.80,6.50,
4,TA-4-4,16,2021-05-25,12:46:00 PM,10,8.8,8.6,7.4,7.7,11.30,10.10,8.20,8.10,8.30,4.90,9.10,8.40,8.90,7.50,8.00,6.30,8.80,7.60,8.30,7.80,6.10,5.90,10.80,7.80,
4,TA-4-7,17,2021-05-25,11:30:00 AM,10,9.7,8.7,7.1,6.3,17.80,13.70,8.60,7.00,8.70,5.00,5.80,4.70,8.20,6.20,9.10,6.40,8.50,5.20,13.70,9.10,9.20,7.70,7.70,5.70,
4,TA-4-7,4,2021-05-25,11:00:00 AM,10,10.0,8.0,7.6,6.2,7.50,5.50,19.70,13.80,17.60,16.70,10.20,7.00,6.10,5.00,5.80,4.30,6.80,4.60,8.50,6.90,10.40,7.80,7.10,4.50,
2,TA-2-2,20,2021-06-08,1:06:00 PM,6,21.6,22.2,16.7,16.9,23.00,18.70,20.70,15.90,18.70,13.50,22.30,17.10,22.60,18.10,22.00,16.60,N/A,N/A,N/A,N/A,N/A,N/A,N/A,N/A,
2,TA-2-2,16,2021-06-08,12:28:00 PM,10,11.4,10.8,8.8,8.3,14.00,10.60,11.10,8.40,17.20,14.10,17.00,13.20,7.80,5.90,7.30,6.60,6.30,4.30,15.20,11.10,10.50,8.10,7.30,6.00,"masked limpet, greyish amphipod(2mm), littleneck clam, pacific blue mussels, common acorn barnacles, rockweed"
2,TA-2-1,3,2021-06-08,10:49:00 AM,10,9.1,8.3,7.2,7.4,14.60,10.80,7.30,4.20,7.70,7.30,12.00,9.20,8.70,7.80,11.40,9.10,7.80,5.80,8.10,6.40,8.50,7.40,4.50,4.10,"sea lettuce, rockwee, pacific blue mussel, red/brown algae, yellow shore moult, two red rock crab moult, common acorn barnacles, mask limpet, checkered periwinkle, small green hermit crab, fingered limpet"
2,TA-2-1,17,2021-06-08,11:24:00 AM,10,9.5,8.2,7.3,6.5,18.20,15.50,8.60,6.10,7.30,6.30,8.40,7.60,7.20,5.00,6.30,5.10,7.90,6.40,10.20,7.40,13.20,7.10,7.70,6.60,"checkered periwinkle, mask limpet, rockweed, pacific blue mussels, giant acorn barnacles"
2,TA-2-4,14,2021-06-08,11:02:00 AM,10,9.8,7.5,7.8,5.9,7.20,5.10,19.80,14.80,7.80,4.90,7.10,5.80,5.70,3.80,7.20,4.90,7.20,5.90,8.40,8.40,8.30,8.40,19.10,15.50,
2,TA-2-4,19,2021-06-08,11:33:00 AM,10,9.5,7.3,7.2,5.5,8.30,5.50,7.40,5.20,21.40,18.70,8.70,5.50,7.20,4.90,6.60,5.90,14.40,11.00,6.60,5.50,7.20,5.30,7.10,4.80,
2,TA-2-7,17,2021-06-08,12:23:00 PM,10,12.3,10.3,9.5,7.7,8.30,6.60,5.90,5.40,11.50,8.70,5.80,3.80,11.20,10.00,9.30,6.50,8.80,5.70,23.00,18.70,20.70,15.90,18.70,13.50,
2,TA-2-7,18,2021-06-08,12:39:00 PM,10,7.9,8.1,6.4,6.6,8.30,6.40,6.10,4.90,10.50,8.80,7.20,6.10,8.80,7.70,12.20,8.00,8.70,7.20,4.90,4.30,4.70,3.90,7.80,6.70,
5,TA-5-2,16,2021-06-10,12:13:00 PM,10,4.1,4.1,2.7,3.0,3.10,2.00,5.10,3.10,4.20,3.00,4.00,3.00,4.00,2.50,4.10,2.90,3.50,2.10,4.90,3.00,5.10,3.00,2.50,2.00,
5,TA-5-2,8,2021-06-10,1:08:00 PM,10,4.1,4.1,2.1,2.2,4.00,2.20,4.80,3.00,5.00,2.90,3.10,2.10,3.00,0.80,4.20,1.10,3.90,1.20,3.10,0.60,4.80,3.70,4.60,3.10,
5,TA 5-1,4,2021-06-10,11:59:00 AM,10,8.1,7.5,6.0,5.9,6.60,5.10,6.10,5.90,11.40,8.10,8.30,6.60,5.90,4.10,9.30,5.30,6.10,5.90,6.60,4.40,12.50,8.50,8.30,6.10,
5,TA-5-1,21,2021-06-10,12:53:00 PM,10,6.7,6.3,5.3,4.9,6.10,4.40,5.10,4.90,7.90,6.50,6.40,4.70,8.60,6.30,8.50,6.60,6.10,4.80,5.90,4.70,7.20,5.30,5.50,4.90,
5,TA-5-4,13,2021-06-10,1:54:00 PM,10,3.7,3.3,2.1,1.7,1.10,0.40,4.00,2.40,3.10,1.20,3.00,1.30,3.40,2.00,2.90,0.90,4.10,2.10,3.60,3.20,10.40,6.70,0.90,0.40,
5,TA-5-4,17,2021-06-10,2:11:00 PM,10,5.2,3.8,3.2,2.1,2.50,1.00,3.10,2.00,4.20,2.10,9.20,6.30,5.10,2.50,3.10,1.00,3.60,1.40,4.00,2.10,3.10,1.70,14.40,11.40,
6,TA-6-8,8,2021-06-15,2:54:00 PM,10,7.3,6.8,5.6,5.6,8.70,6.10,7.50,6.20,6.40,4.50,8.70,5.90,6.60,4.40,6.90,4.90,6.60,5.40,10.00,8.30,5.30,4.20,6.60,5.70,
6,TA-6-8,14,2021-06-15,4:00:00 PM,10,8.5,7.6,6.6,5.7,6.60,4.30,9.40,7.60,7.80,5.30,7.20,5.70,8.30,7.60,7.30,5.60,6.50,4.60,16.20,13.30,6.50,4.40,8.90,7.90,
6,TA-6-2,14,2021-06-15,2:56:00 PM,10,5.7,5.8,4.2,3.9,9.90,7.80,6.60,5.60,7.90,6.10,7.20,4.10,5.70,4.40,5.80,3.70,3.10,3.10,4.00,3.50,1.80,0.80,4.80,3.20,"slimy brown algae, sea lettuce, acorn barnacles, mussels"
6,TA-6-2,10,2021-06-15,3:12:00 PM,8,6.5,5.5,4.4,3.9,2.00,0.80,4.00,2.50,11.00,7.90,5.90,4.40,11.80,6.00,5.10,3.30,4.20,2.70,8.00,7.30,N/A,N/A,N/A,N/A,"square tooth sand flea, rockweed isopod, mussels, acorn barnacle, shore crab"
6,TA-6-6,4,2021-06-15,5:06:00 PM,1,7.5,7.5,5.8,5.8,7.50,5.80,N/A,N/A,N/A,N/A,N/A,N/A,N/A,N/A,N/A,N/A,N/A,N/A,N/A,N/A,N/A,N/A,N/A,N/A,covered in unidentified brown algae
6,TA-6-6,13,2021-06-15,5:08:00 PM,0,N/A,N/A,N/A,N/A,N/A,N/A,N/A,N/A,N/A,N/A,N/A,N/A,N/A,N/A,N/A,N/A,N/A,N/A,N/A,N/A,N/A,N/A,N/A,N/A,
6,TA-6-5,24,2021-06-15,3:56:00 PM,10,7.9,6.1,6.1,4.8,5.60,4.10,5.10,3.30,6.40,4.70,6.10,5.10,5.20,4.90,6.90,5.30,19.70,15.70,13.00,9.90,4.80,3.90,6.10,3.90,
6,TA-6-5,17,2021-06-15,4:09:00 PM,10,7.3,6.3,4.2,3.5,10.10,6.40,7.60,5.50,7.60,4.20,4.10,0.90,4.10,1.90,4.90,1.90,3.80,1.00,17.90,12.90,4.70,2.90,7.90,4.10,"brown slimy algae, sea lettuce"
1,TA-1-8,1,2021-06-16,4:52:00 PM,10,7.2,7.8,5.2,5.4,7.30,4.40,4.90,3.10,2.80,2.70,9.50,7.70,6.10,4.40,8.00,5.80,8.30,6.10,9.00,6.80,7.50,4.90,8.20,6.50,
1,TA-1-8,20,2021-06-16,5:14:00 PM,10,14.7,15.8,10.8,11.4,15.30,11.20,8.00,5.10,17.60,14.50,15.20,11.10,15.90,12.70,17.20,9.90,16.10,13.30,17.40,13.00,15.60,11.50,8.70,5.90,
4,TA-4-3,12,2021-06-16,3:57:00 PM,10,9.2,9.4,6.8,6.8,9.90,6.60,12.70,8.80,5.50,3.30,8.30,6.90,11.10,6.60,8.80,8.30,4.90,3.80,8.80,6.60,12.20,9.20,9.90,7.70,"mask limpet, checkered periwinkle, plate limpet, finger limpet, acorn barnacle, broadleaf sea lettuce, pacific blue mussel"
4,TA-4-3,27,2021-06-16,4:35:00 PM,10,9.5,8.3,7.4,6.1,16.10,13.20,14.30,10.90,8.30,6.10,13.30,9.40,6.10,5.90,4.90,4.00,7.20,6.10,7.70,6.10,8.70,6.10,8.30,6.30,"checkered periwinkle, plate + mask limpet, red/brown algae, acorn barnacle, pacific blue mussels"
5,TA-5-6,3,2021-06-16,5:44:00 PM,10,6.6,5.8,5.1,4.8,13.70,10.40,6.10,5.50,4.80,3.30,5.50,4.30,6.10,4.40,5.50,4.80,4.40,3.30,7.70,4.90,5.40,4.80,7.20,4.80,"pacific oyster, broad leaf sea lettuce, checkered periwinkle, limpets (plate, mask), pacific acorn barnacle, pacific blue mussel, rockweed, red/brown algae"
5,TA-5-6,10,2021-06-16,6:05:00 PM,10,7.1,6.7,5.8,5.4,6.70,5.90,7.20,6.50,7.20,5.40,6.10,4.40,6.10,5.40,6.60,4.80,6.10,4.80,12.70,10.50,4.90,3.30,7.70,6.60,"acorn barnacle, bull kelp, rockweed, limpets (plate, mask), checkered periwinkle, paciic oyster, pacific blue mussel, broadleaf sea lettuce, brown/red algae, shore crab molt, limpet 8 = plate limpet"
1,TA-1-2,18,2022-05-31,12:43:00 PM,10.0,7.5,7.4,6.2,6.05,7.70,6.70,7.20,6.10,6.80,6.00,7.60,6.40,9.40,7.00,7.00,5.50,7.00,8.60,8.10,5.50,7.50,5.20,6.50,5.10,
1,TA-1-2,23,2022-05-31,1:00:00 PM,10.0,7.5,8.1,5.6,5.70,7.10,5.20,8.10,6.30,8.40,6.00,8.10,6.70,5.80,4.90,8.30,6.10,8.20,5.40,6.30,4.10,8.40,6.60,6.20,5.10,
1,TA-1-3,13,2022-05-31,1:58:00 PM,10.0,11.7,10.3,9.1,7.95,21.30,16.40,12.40,9.60,18.10,14.40,15.70,13.20,8.20,6.30,7.00,5.70,16.50,12.80,5.50,4.40,6.60,5.10,5.60,3.20,
1,TA-1-3,19,2022-05-31,2:10:00 PM,1.0,32.0,32.0,24.0,24.00,32.00,24.00,N/A,N/A,N/A,N/A,N/A,N/A,N/A,N/A,N/A,N/A,N/A,N/A,N/A,N/A,N/A,N/A,N/A,N/A,
1,TA-1-6,15,2022-05-31,12:43:00 PM,10.0,7.2,6.9,5.2,5.20,8.00,5.40,7.40,5.30,6.20,4.90,8.30,5.10,6.30,3.70,6.20,3.70,6.90,4.70,6.90,5.90,9.40,7.80,6.70,5.90,
1,TA-1-6,20,2022-05-31,1:07:00 PM,10.0,8.1,7.8,6.3,6.50,10.10,7.40,12.20,9.00,7.60,7.50,7.90,5.70,5.60,3.80,11.60,9.00,2.00,1.80,7.50,6.10,7.70,5.90,8.30,6.90,
1,TA-1-7,9,2022-05-31,1:32:00 PM,10.0,6.9,6.5,5.0,4.90,9.50,7.00,9.70,8.10,10.00,6.40,6.40,5.10,5.10,3.60,4.10,3.00,6.60,5.10,7.20,4.70,5.70,4.30,4.20,2.90,
1,TA-1-7,23,2022-05-31,1:53:00 PM,1.0,7.9,7.9,5.1,5.10,7.90,5.10,N/A,N/A,N/A,N/A,N/A,N/A,N/A,N/A,N/A,N/A,N/A,N/A,N/A,N/A,N/A,N/A,N/A,N/A,
2,TA-2-1,23,2022-06-01,1:32:00 PM,1.0,15.0,15.0,9.0,9.00,15.00,9.00,N/A,N/A,N/A,N/A,N/A,N/A,N/A,N/A,N/A,N/A,N/A,N/A,N/A,N/A,N/A,N/A,N/A,N/A,"Rockweed, Sea lettuce, Sugar kelp, Turkish towel, Unidentifed brown algae"
2,TA-2-1,11,2022-06-01,1:51:00 PM,10.0,11.0,10.7,8.3,8.00,11.60,9.30,7.40,7.00,17.00,7.00,6.00,4.00,8.00,9.00,12.20,10.00,19.50,14.60,9.70,6.10,12.50,9.80,6.00,6.00,"Rockweed, Sea lettuce, Wireweed, Oysters, Mussels, and Barnacles"
2,TA-2-2,13,2022-06-01,2:28:00 PM,2.0,28.5,28.5,21.0,21.00,31.00,24.00,26.00,18.00,N/A,N/A,N/A,N/A,N/A,N/A,N/A,N/A,N/A,N/A,N/A,N/A,N/A,N/A,N/A,N/A,Could only access 2 limpets to measure
2,TA-2-2,17,2022-06-01,2:39:00 PM,10.0,20.6,21.1,17.2,17.95,26.00,21.00,13.00,18.00,24.00,19.00,16.00,15.00,16.00,11.00,22.40,17.90,19.40,15.00,23.30,19.50,26.40,20.10,19.70,15.00,
2,TA-2-5,8,2022-06-01,1:32:00 PM,10.0,8.3,6.1,6.4,5.35,13.30,9.90,5.50,4.40,8.30,5.90,15.10,12.70,6.10,5.90,5.40,3.80,13.30,10.10,6.10,4.80,4.90,3.80,4.80,2.70,"Lots of Ulva (both dried and wet), Lots of Acorn barnacles and Pacific blue mussels "
2,TA-2-5,29,2022-06-01,1:52:00 PM,7.0,7.9,8.3,6.2,6.60,9.80,6.60,8.30,5.50,8.30,6.60,7.30,5.10,7.20,6.60,8.30,7.20,6.10,5.50,N/A,N/A,N/A,N/A,N/A,N/A,
2,TA-2-7,8,2022-06-01,2:42:00 PM,10.0,5.5,5.0,4.2,3.80,4.90,3.70,7.30,6.10,5.10,4.40,8.30,6.10,4.20,3.70,4.40,3.70,4.40,3.90,6.60,3.70,2.70,2.20,6.60,4.40,"Lots of Pacific blue mussels, Lots of Acorn barnacles, Lots of Ulva (Lactuca and Intestinalis?)"
2,TA-2-7,23,2022-06-01,3:07:00 PM,0.0,N/A,N/A,N/A,N/A,N/A,N/A,N/A,N/A,N/A,N/A,N/A,N/A,N/A,N/A,N/A,N/A,N/A,N/A,N/A,N/A,N/A,N/A,N/A,N/A,"Sea lettuce, Rockweed, Unidentified green algae (stringy), Acorn barnacles. Area is on raised rock which explains dessication of barnacles and algae. "
3,TA-3-1,21,2022-06-02,1:55:00 PM,7.0,11.7,9.5,8.8,6.50,8.10,6.50,8.50,6.40,6.10,5.10,21.20,15.40,16.10,13.90,12.20,8.10,9.50,6.30,N/A,N/A,N/A,N/A,N/A,N/A,
3,TA-3-1,22,2022-06-02,2:20:00 PM,10.0,10.6,9.4,7.5,6.10,23.80,18.10,6.30,4.10,19.00,14.00,11.00,8.50,6.70,5.50,1.00,0.80,11.60,5.10,8.10,6.10,10.00,6.10,8.80,6.60,Rockweed
3,TA-3-3,4,2022-06-02,3:03:00 PM,10.0,6.6,6.6,4.9,4.80,9.10,8.00,6.60,4.80,7.60,4.00,5.20,4.80,6.70,5.40,8.10,6.10,4.10,2.50,6.60,4.20,6.10,5.10,6.10,4.10,"Sea lettuce, Filamentous red seaweed, Rockweed"
3,TA-3-3,22,2022-06-02,3:26:00 PM,7.0,13.7,13.2,9.4,10.00,16.10,10.50,16.10,10.00,11.10,10.20,12.40,5.30,13.20,10.00,12.00,9.00,15.00,11.00,N/A,N/A,N/A,N/A,N/A,N/A,
3,TA-3-6,7,2022-06-24,9:56:00 AM,10.0,8.8,7.7,7.2,6.80,7.10,5.50,7.60,6.60,7.20,5.50,6.10,5.00,6.10,4.80,11.60,9.40,7.80,7.00,11.30,9.60,9.40,7.70,13.30,10.40,
3,TA-3-6,28,2022-06-24,10:13:00 AM,9.0,9.3,8.8,7.5,7.40,9.80,8.60,8.80,6.70,8.30,7.10,10.80,7.80,8.60,7.40,8.20,6.60,8.70,6.70,10.00,8.50,10.80,8.30,N/A,N/A,
3,TA-3-7,12,2022-06-24,10:54:00 AM,10.0,9.1,8.7,6.8,6.00,9.80,5.90,7.60,4.30,13.70,10.90,7.60,6.10,9.80,6.50,4.80,3.70,7.10,4.70,13.10,10.40,11.00,10.50,6.60,5.20,
3,TA-3-7,18,2022-06-24,10:40:00 AM,10.0,7.5,7.4,5.8,5.80,10.40,8.30,7.60,5.00,8.20,5.90,6.10,6.00,7.20,5.50,4.90,3.30,7.20,6.10,7.20,5.40,8.00,5.70,8.10,6.6,
4,TA-4-2,3,2022-05-20,4:07:00 PM,10.0,9.4,9.5,7.2,6.90,7.90,7.20,10.40,9.00,11.10,8.30,8.30,6.60,8.30,6.00,6.60,5.30,9.50,5.50,9.40,8.60,10.50,4.50,11.60,10.90,
4,TA-4-2,8,2022-05-20,4:33:00 PM,10.0,9.9,8.8,7.9,7.20,6.30,4.10,7.80,5.10,13.20,11.50,8.20,7.40,19.00,15.50,7.20,5.70,9.10,7.20,8.60,7.20,8.90,7.10,10.50,8.30,
4,TA-4-3,5,2022-05-20,5:14:00 PM,9.0,11.6,12.2,8.8,9.30,15.00,11.10,14.40,9.40,7.30,6.10,8.30,6.10,15.00,11.10,12.20,9.30,8.30,6.10,16.60,15.70,7.70,4.40,N/A,N/A,
4,TA-4-3,22,2022-05-20,5:01:00 PM,6.0,8.6,8.3,6.5,6.10,7.20,5.50,8.30,6.10,12.20,9.40,9.40,6.60,8.30,6.10,6.30,5.00,N/A,N/A,N/A,N/A,N/A,N/A,N/A,N/A,
4,TA-4-5,9,2022-05-20,5:35:00 PM,5.0,11.9,12.0,9.2,9.50,14.00,11.00,12.00,7.60,9.40,7.50,11.50,9.50,12.50,10.60,N/A,N/A,N/A,N/A,N/A,N/A,N/A,N/A,N/A,N/A,
4,TA-4-5,13,2022-05-20,5:50:00 PM,0.0,N/A,N/A,N/A,N/A,N/A,N/A,N/A,N/A,N/A,N/A,N/A,N/A,N/A,N/A,N/A,N/A,N/A,N/A,N/A,N/A,N/A,N/A,N/A,N/A,
4,TA-4-7,8,2022-05-20,3:58:00 PM,10.0,8.1,7.0,5.6,5.00,14.00,10.00,7.50,6.50,6.50,5.00,7.00,5.00,7.00,4.80,6.40,4.00,11.90,8.70,7.00,5.00,9.00,4.00,5.00,3.00,
4,TA-4-7,23,2022-05-20,4:39:00 PM,10.0,9.9,9.5,7.7,6.95,11.00,7.80,11.40,9.80,6.90,6.10,16.50,13.50,11.50,10.00,7.00,6.00,15.50,9.20,8.00,6.00,3.00,3.00,8.00,5.8,
5,TA-5-1,11,2022-05-19,2:14:00 PM,0.0,N/A,N/A,N/A,N/A,N/A,N/A,N/A,N/A,N/A,N/A,N/A,N/A,N/A,N/A,N/A,N/A,N/A,N/A,N/A,N/A,N/A,N/A,N/A,N/A,
5,TA-5-1,8,2022-05-19,2:26:00 PM,5.0,8.8,7.0,4.2,4.00,15.00,7.00,10.00,5.00,7.00,4.00,6.00,3.00,6.00,2.00,N/A,N/A,N/A,N/A,N/A,N/A,N/A,N/A,N/A,N/A,
5,TA-5-3,15,2022-05-19,3:06:00 PM,8.0,7.6,6.0,5.1,3.50,10.00,5.00,6.00,3.00,19.00,14.00,10.00,9.00,3.00,2.00,4.00,2.00,6.00,4.00,3.00,2.00,N/A,N/A,N/A,N/A,
5,TA-5-3,0,2022-05-19,3:21:00 PM,0.0,N/A,N/A,N/A,N/A,N/A,N/A,N/A,N/A,N/A,N/A,N/A,N/A,N/A,N/A,N/A,N/A,N/A,N/A,N/A,N/A,N/A,N/A,N/A,N/A,
5,TA-5-5,28,2022-05-19,2:41:00 PM,0.0,N/A,N/A,N/A,N/A,N/A,N/A,N/A,N/A,N/A,N/A,N/A,N/A,N/A,N/A,N/A,N/A,N/A,N/A,N/A,N/A,N/A,N/A,N/A,N/A,
5,TA-5-5,17,2022-05-19,3:43:00 PM,0.0,N/A,N/A,N/A,N/A,N/A,N/A,N/A,N/A,N/A,N/A,N/A,N/A,N/A,N/A,N/A,N/A,N/A,N/A,N/A,N/A,N/A,N/A,N/A,N/A,
5,TA-5-7,4,2022-05-19,3:51:00 PM,0.0,N/A,N/A,N/A,N/A,N/A,N/A,N/A,N/A,N/A,N/A,N/A,N/A,N/A,N/A,N/A,N/A,N/A,N/A,N/A,N/A,N/A,N/A,N/A,N/A,
5,TA-5-7,0,2022-05-19,2:50:00 PM,4.0,8.2,7.1,5.7,5.15,6.60,4.20,12.10,8.10,7.20,5.10,6.90,5.20,N/A,N/A,N/A,N/A,N/A,N/A,N/A,N/A,N/A,N/A,N/A,N/A,
6,TA-6-1,18,2022-05-17,1:05:00 PM,4.0,7.3,7.5,5.4,5.60,7.10,4.40,7.90,5.70,7.80,5.50,6.50,5.90,N/A,N/A,N/A,N/A,N/A,N/A,N/A,N/A,N/A,N/A,N/A,N/A,"Sea lettuce (ulva), Acorn barnacles"
6,TA-6-1,3,2022-05-17,1:38:00 PM,0.0,N/A,N/A,N/A,N/A,N/A,N/A,N/A,N/A,N/A,N/A,N/A,N/A,N/A,N/A,N/A,N/A,N/A,N/A,N/A,N/A,N/A,N/A,N/A,N/A,"Lined chiton found on rock (Tonicella lineata), Majority of quadrat is covered in seaweed, mostly Bull kelp (Nereocystis luetkeana)"
6,TA-6-4,7,2022-05-17,1:05:00 PM,3.0,10.2,12.0,8.2,9.00,12.40,9.00,12.00,9.20,6.30,6.30,N/A,N/A,N/A,N/A,N/A,N/A,N/A,N/A,N/A,N/A,N/A,N/A,N/A,N/A,
6,TA-6-4,6,2022-05-17,1:25:00 PM,6.0,6.4,6.7,5.3,5.20,7.40,5.00,6.20,5.70,7.60,5.40,5.50,5.00,4.50,4.40,7.20,6.10,N/A,N/A,N/A,N/A,N/A,N/A,N/A,N/A,
6,TA-6-5,12,2022-05-17,2:00:00 PM,0.0,N/A,N/A,N/A,N/A,N/A,N/A,N/A,N/A,N/A,N/A,N/A,N/A,N/A,N/A,N/A,N/A,N/A,N/A,N/A,N/A,N/A,N/A,N/A,N/A,
6,TA-6-5,9,2022-05-17,2:15:00 PM,4.0,9.4,8.8,7.3,6.85,6.60,5.70,8.40,5.30,9.10,8.00,13.50,10.00,N/A,N/A,N/A,N/A,N/A,N/A,N/A,N/A,N/A,N/A,N/A,N/A,
6,TA-6-8,20,2022-05-17,3:27:00 PM,10.0,9.8,6.6,7.5,4.55,26.40,23.60,20.40,16.10,6.50,4.70,8.70,5.20,5.20,4.40,7.50,4.90,5.30,4.20,5.80,3.40,5.30,4.10,6.70,4.40,"Rockweed is very abundant, Lots of checkered periwinkles, Blue mussels, Big size variance in limpets"
6,TA-6-8,8,2022-05-17,3:06:00 PM,6.0,6.6,6.6,4.8,4.50,8.90,7.20,7.30,4.60,6.70,3.70,6.50,5.90,5.90,4.40,4.40,3.20,N/A,N/A,N/A,N/A,N/A,N/A,N/A,N/A,
6,TA-6-3,11,2023-05-24,2:09:00 PM,0.0,N/A,N/A,N/A,N/A,N/A,N/A,N/A,N/A,N/A,N/A,N/A,N/A,N/A,N/A,N/A,N/A,N/A,N/A,N/A,N/A,N/A,N/A,N/A,N/A,
6,TA-6-3,17,2023-05-24,2:17:00 PM,9.0,6.9,6.1,5.7,4.9,6.00,4.90,8.50,6.85,10.50,9.80,6.10,5.50,6.00,4.40,7.70,7.00,6.10,4.90,4.00,4.00,6.80,4.00,N/A,N/A,
6,TA-6-5,13,2023-05-24,2:14:00 PM,0.0,N/A,N/A,N/A,N/A,N/A,N/A,N/A,N/A,N/A,N/A,N/A,N/A,N/A,N/A,N/A,N/A,N/A,N/A,N/A,N/A,N/A,N/A,N/A,N/A,99% algae (ulva)
6,TA-6-5,9,2023-05-24,2:18:00 PM,0.0,N/A,N/A,N/A,N/A,N/A,N/A,N/A,N/A,N/A,N/A,N/A,N/A,N/A,N/A,N/A,N/A,N/A,N/A,N/A,N/A,N/A,N/A,N/A,N/A,"crab molts, 99% algae (ulva)"
6,TA-6-7,3,2023-05-24,3:25:00 PM,3.0,9.3,8.5,6.6,4.2,17.25,14.50,8.50,4.20,2.00,1.00,N/A,N/A,N/A,N/A,N/A,N/A,N/A,N/A,N/A,N/A,N/A,N/A,N/A,N/A,
6,TA-6-7,5,2023-05-24,3:38:00 PM,10.0,6.4,6.5,4.1,3.6,6.80,3.55,6.35,3.10,6.20,4.90,6.80,5.95,7.00,4.40,6.60,5.80,5.50,3.00,6.00,3.55,7.00,3.10,5.50,3.20,
6,TA-6-8,5,2023-05-24,3:47:00 PM,10.0,3.9,4.0,2.0,1.5,5.70,5.50,3.50,1.60,4.70,2.10,4.80,2.70,4.40,1.40,4.70,1.20,2.10,0.30,2.60,1.30,2.70,1.20,3.60,2.40,lots of isopods in the vicinity
6,TA-6-8,12,2023-05-24,N/A,6.0,11.8,13.0,8.8,8.3,14.10,10.80,13.00,13.00,14.10,9.60,13.00,6.60,6.70,5.80,9.60,7.00,N/A,N/A,N/A,N/A,N/A,N/A,N/A,N/A,"rocks, more limpets underneath rocks"
5,TA-5-3,10,2023-06-01,10:14:00 AM,0.0,N/A,N/A,N/A,N/A,N/A,N/A,N/A,N/A,N/A,N/A,N/A,N/A,N/A,N/A,N/A,N/A,N/A,N/A,N/A,N/A,N/A,N/A,N/A,N/A,
5,TA-5-3,20,2023-06-01,10:02:00 AM,0.0,N/A,N/A,N/A,N/A,N/A,N/A,N/A,N/A,N/A,N/A,N/A,N/A,N/A,N/A,N/A,N/A,N/A,N/A,N/A,N/A,N/A,N/A,N/A,N/A,limpets under rock
5,TA-5-5,8,2023-06-01,11:08:00 AM,0.0,N/A,N/A,N/A,N/A,N/A,N/A,N/A,N/A,N/A,N/A,N/A,N/A,N/A,N/A,N/A,N/A,N/A,N/A,N/A,N/A,N/A,N/A,N/A,N/A,no mobile life found
5,TA-5-5,6,2023-06-01,11:20:00 AM,0.0,N/A,N/A,N/A,N/A,N/A,N/A,N/A,N/A,N/A,N/A,N/A,N/A,N/A,N/A,N/A,N/A,N/A,N/A,N/A,N/A,N/A,N/A,N/A,N/A,
5,TA-5-7,5,2023-06-01,10:03:00 AM,10.0,8.0,7.7,5.6,5.5,7.40,4.50,8.00,6.50,8.30,6.70,11.30,7.20,6.50,4.00,7.20,5.10,7.40,5.10,7.20,5.50,8.30,5.50,8.30,6.00,
5,TA-5-7,10,2023-06-01,10:42:00 AM,10.0,9.5,8.5,7.5,6.6,21.50,16.60,8.30,6.40,8.70,7.60,8.00,7.00,5.50,5.00,9.60,6.60,9.00,6.60,8.30,6.00,7.30,6.10,9.00,7.00,
5,TA-5-8,11,2023-06-01,11:37:00 AM,6.0,5.9,5.8,4.4,4.5,5.60,4.00,7.40,5.50,7.00,5.50,5.00,3.30,6.00,5.00,4.10,3.30,N/A,N/A,N/A,N/A,N/A,N/A,N/A,N/A,
5,TA-5-8,12,2023-06-01,11:53:00 AM,4.0,7.9,6.2,5.8,4.7,13.70,9.50,5.50,4.10,6.40,5.00,6.00,4.40,N/A,N/A,N/A,N/A,N/A,N/A,N/A,N/A,N/A,N/A,N/A,N/A,
4,TA-4-2,13,2023-06-02,11:19:00 AM,10.0,7.4,7.7,5.5,5.0,9.40,6.80,10.00,8.20,4.90,3.30,4.90,3.80,10.00,7.90,5.90,3.30,4.60,2.20,4.60,3.80,9.90,6.10,9.80,9.40,"ulva spp., giant acorn barnacle (balanus nubilus), balanus glandula, fucus distichus, blue mussels, lattia persona"
4,TA-4-2,23,2023-06-02,12:02:00 PM,3.0,7.3,7.2,5.4,5.6,8.30,6.40,6.30,5.60,7.20,4.10,N/A,N/A,N/A,N/A,N/A,N/A,N/A,N/A,N/A,N/A,N/A,N/A,N/A,N/A,"ulva spp., fucus distichus, balanus glandula, balanus nubilus, blue mussels, magallana gigas, lottia persona"
4,TA-4-3,12,2023-06-02,11:09:00 AM,4.0,7.0,7.4,5.1,5.1,7.55,6.10,7.25,4.70,8.00,5.40,5.15,4.20,N/A,N/A,N/A,N/A,N/A,N/A,N/A,N/A,N/A,N/A,N/A,N/A,could only measure 4 limpets
4,TA-4-3,4,2023-06-02,N/A,10.0,8.6,8.7,6.6,6.3,9.65,7.50,7.35,5.70,8.80,6.10,8.40,6.55,9.40,7.65,8.60,6.20,9.10,6.30,5.70,5.40,10.60,8.30,8.10,6.20,
4,TA-4-4,12,2023-06-02,12:50:00 PM,1.0,8.2,8.2,7.5,7.5,8.20,7.50,N/A,N/A,N/A,N/A,N/A,N/A,N/A,N/A,N/A,N/A,N/A,N/A,N/A,N/A,N/A,N/A,N/A,N/A,
4,TA-4-4,15,2023-06-02,12:37:00 PM,5.0,12.2,12.0,10.0,8.9,17.00,14.90,8.80,6.60,12.00,8.90,10.80,7.90,12.50,11.60,N/A,N/A,N/A,N/A,N/A,N/A,N/A,N/A,N/A,N/A,"lottia persona, littorina spp., blue mussels, balamus spp. (glandula + nubilus, fucus distichus, ulva spp"
4,TA-4-5,15,2023-06-02,12:03:00 PM,0.0,N/A,N/A,N/A,N/A,N/A,N/A,N/A,N/A,N/A,N/A,N/A,N/A,N/A,N/A,N/A,N/A,N/A,N/A,N/A,N/A,N/A,N/A,N/A,N/A,
4,TA-4-5,1,2023-06-02,12:10:00 PM,10.0,9.2,7.7,7.4,6.2,15.70,13.75,7.90,6.25,7.40,6.10,10.10,7.65,7.40,5.75,6.05,4.60,5.70,4.60,18.30,13.75,5.25,4.40,8.40,6.65,
3,TA-3-2,3,2023-06-06,3:18:00 PM,8.0,5.0,4.2,3.1,2.1,5.00,2.10,7.40,5.70,3.90,1.60,2.50,1.20,4.20,2.00,2.40,1.60,10.70,7.50,4.10,3.40,N/A,N/A,N/A,N/A,
3,TA-3-2,20,2023-06-06,3:02:00 PM,10.0,6.1,5.8,4.1,3.0,7.20,5.70,7.00,5.00,4.70,2.00,17.60,14.80,7.80,4.50,2.20,1.60,2.60,1.80,6.80,3.90,3.00,1.40,1.90,0.50,
3,TA-3-4,2,2023-06-06,2:12:00 PM,10.0,7.4,5.1,4.9,3.3,7.00,4.50,13.60,9.10,4.80,2.90,13.60,9.80,2.90,1.50,3.10,2.20,14.90,11.60,4.00,2.00,5.40,3.60,4.40,2.00,
3,TA-3-4,17,2023-06-06,1:41:00 PM,10.0,6.3,6.5,3.9,4.2,8.20,3.10,5.50,3.20,5.40,4.60,6.20,4.70,6.90,4.20,6.70,4.50,7.00,4.50,5.30,3.60,5.30,4.10,6.80,2.90,
3,TA-3-5,15,2023-06-06,1:59:00 PM,5.0,7.2,7.1,5.3,5.5,7.20,5.90,8.30,5.50,7.10,4.80,6.40,5.50,7.00,5.00,N/A,N/A,N/A,N/A,N/A,N/A,N/A,N/A,N/A,N/A,
3,TA-3-5,24,2023-06-06,1:40:00 PM,6.0,6.4,5.8,4.8,4.8,8.70,5.90,4.30,3.30,8.30,5.50,6.10,4.80,5.40,4.80,5.40,4.40,N/A,N/A,N/A,N/A,N/A,N/A,N/A,N/A,
3,TA-3-6,7,2023-06-06,2:45:00 PM,10.0,6.2,6.1,5.1,5.2,5.10,5.40,7.70,5.00,6.10,4.40,6.10,5.90,5.50,3.70,5.90,4.70,6.10,6.00,5.90,4.40,7.10,5.90,6.10,5.80,
3,TA-3-6,19,2023-06-06,2:35:00 PM,0.0,N/A,N/A,N/A,N/A,N/A,N/A,N/A,N/A,N/A,N/A,N/A,N/A,N/A,N/A,N/A,N/A,N/A,N/A,N/A,N/A,N/A,N/A,N/A,N/A,
2,TA-2-2,15,2023-06-07,2:52:00 PM,0.0,N/A,N/A,N/A,N/A,N/A,N/A,N/A,N/A,N/A,N/A,N/A,N/A,N/A,N/A,N/A,N/A,N/A,N/A,N/A,N/A,N/A,N/A,N/A,N/A,glass
2,TA-2-2,12,2023-06-07,3:05:00 PM,0.0,N/A,N/A,N/A,N/A,N/A,N/A,N/A,N/A,N/A,N/A,N/A,N/A,N/A,N/A,N/A,N/A,N/A,N/A,N/A,N/A,N/A,N/A,N/A,N/A,
2,TA-2-3,12,2023-06-07,3:19:00 PM,3.0,7.5,7.1,5.1,4.7,8.70,5.90,7.10,4.70,6.60,4.70,N/A,N/A,N/A,N/A,N/A,N/A,N/A,N/A,N/A,N/A,N/A,N/A,N/A,N/A,
2,TA-2-3,8,2023-06-07,N/A,10.0,14.7,14.9,10.6,10.4,12.00,6.80,11.20,9.70,12.80,9.80,15.30,12.20,12.70,8.70,15.10,11.00,16.00,11.10,14.70,9.20,17.90,13.00,18.90,14.70,
2,TA-2-5,14,2023-06-07,2:45:00 PM,10.0,6.9,7.2,5.1,5.1,9.80,7.20,9.00,7.60,8.20,5.40,4.80,3.20,5.50,4.40,8.30,6.60,4.50,3.50,6.10,4.80,2.90,1.80,9.40,6.50,
2,TA-2-5,2,2023-06-07,2:59:00 PM,2.0,1.7,1.7,0.8,0.8,1.40,0.60,1.90,0.90,N/A,N/A,N/A,N/A,N/A,N/A,N/A,N/A,N/A,N/A,N/A,N/A,N/A,N/A,N/A,N/A,
2,TA-2-8,24,2023-06-07,2:03:00 PM,10.0,5.2,4.4,3.5,3.3,6.50,4.40,10.00,6.10,7.10,5.40,4.30,3.20,5.20,3.40,3.90,2.10,3.50,1.70,2.80,1.70,4.40,3.70,4.00,2.80,
2,TA-2-8,14,2023-06-07,2:19:00 PM,2.0,5.1,5.1,2.8,2.8,6.90,3.80,3.20,1.70,N/A,N/A,N/A,N/A,N/A,N/A,N/A,N/A,N/A,N/A,N/A,N/A,N/A,N/A,N/A,N/A,
1,TA-1-2,5,2023-06-30,9:29:00 AM,10.0,7.1,5.8,5.2,4.2,9.50,6.40,4.60,4.30,16.50,12.90,4.10,3.00,3.00,2.90,8.60,6.70,5.30,3.00,5.60,4.00,6.00,3.70,7.90,5.10,
1,TA-1-2,15,2023-06-30,9:54:00 AM,10.0,7.2,7.2,5.5,5.7,6.80,5.70,8.30,6.60,6.20,3.10,8.10,7.40,10.80,7.00,5.80,4.30,8.00,7.00,7.00,5.20,7.30,5.60,4.00,2.60,
1,TA-1-3,5,2023-06-30,10:22:00 AM,10.0,6.2,6.2,4.7,4.8,4.10,2.40,3.40,2.90,6.80,5.50,6.10,4.40,5.30,5.00,5.70,4.10,7.40,5.40,8.10,6.20,8.90,6.00,6.20,4.60,
1,TA-1-3,24,2023-06-30,10:52:00 AM,10.0,7.4,6.7,5.8,5.6,5.90,4.60,7.00,5.10,6.10,4.80,7.10,6.00,6.10,3.80,12.20,8.20,7.50,6.60,6.00,4.70,6.40,6.40,10.00,7.70,
1,TA-1-4,30,2023-06-30,10:23:00 AM,2.0,6.6,6.6,4.6,4.6,7.20,4.40,5.90,4.80,N/A,N/A,N/A,N/A,N/A,N/A,N/A,N/A,N/A,N/A,N/A,N/A,N/A,N/A,N/A,N/A,
1,TA-1-4,6,2023-06-30,10:38:00 AM,10.0,8.0,8.0,5.8,5.9,5.50,4.80,8.00,5.40,9.80,5.90,8.10,5.50,7.10,5.90,8.00,6.20,7.70,5.90,7.60,4.80,8.10,6.70,9.80,7.20,
1,TA-1-7,6,2023-06-30,9:47:00 AM,10.0,10.5,7.7,8.0,6.2,7.30,4.50,7.00,6.20,7.10,5.90,15.40,13.20,7.60,4.80,8.00,6.20,7.70,6.10,6.10,4.40,16.50,11.40,22.60,17.70,
1,TA-1-7,14,2023-06-30,9:27:00 AM,10.0,7.3,6.2,4.9,4.3,14.00,12.50,6.00,5.00,4.10,2.50,7.20,4.10,9.10,4.10,9.80,5.20,5.50,4.40,5.50,3.30,5.40,3.20,6.30,5.00,